{"cameraMode":{"drawMode":0,"name":"Shaded","section":"Shading Mode"},"sceneLighting":true,"audioPlay":false,"sceneViewState":{"m_AlwaysRefresh":false,"showFog":true,"showSkybox":true,"showFlares":true,"showImageEffects":true,"showParticleSystems":true,"showVisualEffectGraphs":true,"m_FxEnabled":true},"in2DMode":false,"pivot":{"x":-31.090871810913087,"y":1.440509557723999,"z":-13.596630096435547},"rotation":{"x":-0.17035698890686036,"y":0.3611810803413391,"z":-0.06729047745466232,"w":-0.9143620133399963},"size":10.557535171508789,"orthographic":true}