{"cameraMode":{"drawMode":0,"name":"Shaded","section":"Shading Mode"},"sceneLighting":true,"audioPlay":false,"sceneViewState":{"m_AlwaysRefresh":false,"showFog":true,"showSkybox":true,"showFlares":true,"showImageEffects":true,"showParticleSystems":true,"showVisualEffectGraphs":true,"m_FxEnabled":true},"in2DMode":false,"pivot":{"x":17.397342681884767,"y":-11.946489334106446,"z":-10.338354110717774},"rotation":{"x":0.0952109768986702,"y":0.8646265864372253,"z":-0.17885524034500123,"w":0.46006670594215395},"size":13.365324974060059,"orthographic":true}