{"cameraMode":{"drawMode":0,"name":"Shaded","section":"Shading Mode"},"sceneLighting":false,"audioPlay":false,"sceneViewState":{"m_AlwaysRefresh":false,"showFog":true,"showSkybox":false,"showFlares":true,"showImageEffects":true,"showParticleSystems":true,"showVisualEffectGraphs":true,"m_FxEnabled":true},"in2DMode":false,"pivot":{"x":2.865999937057495,"y":1.1089999675750733,"z":-2.1105823516845705},"rotation":{"x":-0.03155699372291565,"y":0.9669309258460999,"z":-0.20548884570598603,"w":-0.14850978553295136},"size":1.4662257432937623,"orthographic":true}